company_name,mobile_number,phone_number,company_url
Mestra Pharma Pvt. Ltd.,,9719839944,https://www.yelu.in/company/943576/mestra-pharma-pvt-ltd
Sunmach Machinery,9825008274,79-25840252,https://www.yelu.in/company/938873/sunmach-machinery
Fossil Remedies,,919426513688,https://www.yelu.in/company/964435/fossil-remedies
Tesni Pharma,,9824382041,https://www.yelu.in/company/938786/tesni-pharma
Cubit Health Care,-8000033131,-9426513597,https://www.yelu.in/company/945130/cubit-health-care
Rhombus Pharma,,+91 97231 13334,https://www.yelu.in/company/964459/rhombus-pharma
SiNi Pharma Pvt. Ltd,,-8866861929,https://www.yelu.in/company/964292/sini-pharma-pvt-ltd
N U Pharma Engineers And Consultant,,9825863339,https://www.yelu.in/company/937234/n-u-pharma-engineers-and-consultant
Anand Enterprise,,7926582705,https://www.yelu.in/company/952008/anand-enterprise
Aetos Pharma,,-7946019974,https://www.yelu.in/company/958472/aetos-pharma
Harsiddh Engineering Co.,9825033692,29292119,https://www.yelu.in/company/921744/harsiddh-engineering-co
Laxmi Pharmamach,-9426406663,-7567138295,https://www.yelu.in/company/935892/laxmi-pharmamach
neel industries,9724062639,9724062639,https://www.yelu.in/company/607881/neel-industries
Mahendra Chemicals,9824019625,079-22811396,https://www.yelu.in/company/934104/mahendra-chemicals
Kadam Exports Private Limited,9825012228,26584335,https://www.yelu.in/company/414492/kadam-exports-private-limited
Cosmos Dye Chem Pvt. Ltd.,9898061481,25832710,https://www.yelu.in/company/414504/cosmos-dye-chem-pvt-ltd
Admark Herbals India,9375824838,6632165,https://www.yelu.in/company/333279/admark-herbals-india
Neuropsychiatry PCD Pharma Franchise - Emocare,,9719839944,https://www.yelu.in/company/951648/neuropsychiatry-pcd-pharma-franchise-emocare
aelius lifesciences,,919824201445,https://www.yelu.in/company/956619/aelius-lifesciences
Rudra Air Tech,9624490479,9624490479,https://www.yelu.in/company/951250/rudra-air-tech
Claris Lifesciences Ltd,,079 - 26565879,https://www.yelu.in/company/418338/claris-lifesciences-ltd
Claris Lifesciences Ltd.,,56563331,https://www.yelu.in/company/415503/claris-lifesciences-ltd
Chitra Machineries Pvt. Ltd.,,22900433,https://www.yelu.in/company/160576/chitra-machineries-pvt-ltd
Chinubhai Pharma Pvt. Limited,,079 - 25895448,https://www.yelu.in/company/418336/chinubhai-pharma-pvt-limited
Cadila Pharmaceuticals Ltd.,,079 - 225001,https://www.yelu.in/company/418321/cadila-pharmaceuticals-ltd
Cadila Helthcare Ltd.,,079 - 26868100,https://www.yelu.in/company/418320/cadila-helthcare-ltd
Cadila Pharmaceuticals Limited,,225001,https://www.yelu.in/company/415088/cadila-pharmaceuticals-limited
B V Patel Perd Centre,,079 - 27439375,https://www.yelu.in/company/418284/b-v-patel-perd-centre
Biocare Research (I) Pvt Ltd,,079 - 26577901,https://www.yelu.in/company/418306/biocare-research-i-pvt-ltd
Biocare Research (I) Pvt. Ltd.,,2380566,https://www.yelu.in/company/415089/biocare-research-i-pvt-ltd
Bhagwati Pharmceuticals,,2203407,https://www.yelu.in/company/415542/bhagwati-pharmceuticals
Azine Healthcare Pvt Ltd.,,079 - 25470009,https://www.yelu.in/company/418282/azine-healthcare-pvt-ltd
Azine Healthcare Pvt. Ltd.,,25471119,https://www.yelu.in/company/414708/azine-healthcare-pvt-ltd
Auroma Lifescience Pvt. Ltd.,,26438063,https://www.yelu.in/company/414710/auroma-lifescience-pvt-ltd
Atlas Dyechem (India) Pvt Ltd,,26769721,https://www.yelu.in/company/241420/atlas-dyechem-india-pvt-ltd
Astra Lifecare (India) Pvt. Ltd.,,40321661,https://www.yelu.in/company/414711/astra-lifecare-india-pvt-ltd
Anchal Lifesciences Pvt. Ltd.,,55414677,https://www.yelu.in/company/415505/anchal-lifesciences-pvt-ltd
Aico Group Of Companies,,22166349,https://www.yelu.in/company/241440/aico-group-of-companies
Alpha Therapeutics Pvt Ltd,,079 - 26922963,https://www.yelu.in/company/418389/alpha-therapeutics-pvt-ltd
Acme Pharmaceutical,,26870836,https://www.yelu.in/company/415094/acme-pharmaceutical
Intas Pharmaceuticals Limited,,26576655,https://www.yelu.in/company/414795/intas-pharmaceuticals-limited
Indica Laboratories P. Ltd,,079 - 22200098,https://www.yelu.in/company/418542/indica-laboratories-p-ltd
Hester Pharmaceuticals Ltd.,,079 - 27680476,https://www.yelu.in/company/418525/hester-pharmaceuticals-ltd
Gujrat Pharma Lab Pvt Ltd,,079 - 25710198,https://www.yelu.in/company/418510/gujrat-pharma-lab-pvt-ltd
Gujrat Medicraft Pvt. Ltd.,,079 - 25602965,https://www.yelu.in/company/418509/gujrat-medicraft-pvt-ltd
Giniva Pharmaceuticals,,6580424,https://www.yelu.in/company/415538/giniva-pharmaceuticals
Finecure Pharmaceuticals Limited,,26402722,https://www.yelu.in/company/414794/finecure-pharmaceuticals-limited
Espee Pharmachem Pvt Ltd,,6430318,https://www.yelu.in/company/415073/espee-pharmachem-pvt-ltd
Epitome Technologies Pvt Ltd,,079 - 26568150,https://www.yelu.in/company/405143/epitome-technologies-pvt-ltd
Endurance Health Care Ltd.,,079 - 26441993,https://www.yelu.in/company/418430/endurance-health-care-ltd
Elite Pharma Pvt. Ltd.,,079 - 25831668,https://www.yelu.in/company/418421/elite-pharma-pvt-ltd
Elite Pharma Pvt. Ltd.,,25831668,https://www.yelu.in/company/414734/elite-pharma-pvt-ltd
Eden Health Care Pvt. Ltd,,26924532,https://www.yelu.in/company/415499/eden-health-care-pvt-ltd
Dwarkesh Pharmaceuticals Pvt. Ltd.,,079 - 5890485,https://www.yelu.in/company/418412/dwarkesh-pharmaceuticals-pvt-ltd
Dial Pharmaceuticals Pvt. Ltd.,,25841838,https://www.yelu.in/company/411599/dial-pharmaceuticals-pvt-ltd
Dial Pharmaceuticals Pvt Ltd,,079 - 25841710,https://www.yelu.in/company/418362/dial-pharmaceuticals-pvt-ltd
Defi Healthcare Pvt. Ltd.,,079 - 26840045,https://www.yelu.in/company/418357/defi-healthcare-pvt-ltd
Medip Laboratories,,079 - 25842759,https://www.yelu.in/company/418628/medip-laboratories
Medico Labs,,25830132,https://www.yelu.in/company/415458/medico-labs
Medivet Laboratories,,25323291,https://www.yelu.in/company/415453/medivet-laboratories
Mediwin Pharmaceuticlas,,2823006,https://www.yelu.in/company/415450/mediwin-pharmaceuticlas
Maize Products,,22900881,https://www.yelu.in/company/47085/maize-products
Lincoln Pharmaceuticals Ltd.,,30018000,https://www.yelu.in/company/414778/lincoln-pharmaceuticals-ltd
Lincoln Pharmaceuticals Ltd.,,079 - 7492857,https://www.yelu.in/company/418594/lincoln-pharmaceuticals-ltd
Leo Formulations Pvt Ltd,,079 - 26407300,https://www.yelu.in/company/418592/leo-formulations-pvt-ltd
Leo Formulations Pvt. Ltd.,,26407300,https://www.yelu.in/company/415055/leo-formulations-pvt-ltd
Lalith Exporters,,079 - 26871170,https://www.yelu.in/company/417196/lalith-exporters
La Pharmaceuticals,,26430250,https://www.yelu.in/company/415477/la-pharmaceuticals
Kentreck Laboratories Pvt. Ltd.,,26468624,https://www.yelu.in/company/415480/kentreck-laboratories-pvt-ltd
Kentreck Laboratories Pvt. Ltd,,079 - 26468624,https://www.yelu.in/company/418578/kentreck-laboratories-pvt-ltd
Kamron Laboratories Ltd.,,079 - 286549,https://www.yelu.in/company/418573/kamron-laboratories-ltd
Jaywin Remedies Pvt. Ltd.,,079 - 26400428,https://www.yelu.in/company/418563/jaywin-remedies-pvt-ltd
Ishita Pharmaceuticals (P) Ltd.,,26468353,https://www.yelu.in/company/415488/ishita-pharmaceuticals-p-ltd
Sanjeevani Bio-Tech (P) Ltd.,,26851735,https://www.yelu.in/company/414704/sanjeevani-bio-tech-p-ltd
Sahkar Pharmaceutilcals Pvt Ltd,,25830940,https://www.yelu.in/company/414473/sahkar-pharmaceutilcals-pvt-ltd
Saga Laboratories,,25831094,https://www.yelu.in/company/414729/saga-laboratories
Reliance Formulations Pvt. Ltd,,079 - 25891789,https://www.yelu.in/company/418910/reliance-formulations-pvt-ltd
Reliance Healthcare Pvt. Ltd.,,079 - 25830377,https://www.yelu.in/company/418911/reliance-healthcare-pvt-ltd
Reliance Formulation Pvt. Ltd.,,26466634,https://www.yelu.in/company/333240/reliance-formulation-pvt-ltd
Redson Laboratories Pvt. Ltd.,,079 - 22160736,https://www.yelu.in/company/418908/redson-laboratories-pvt-ltd
Redson Laboratories Pvt. Ltd.,,22204110,https://www.yelu.in/company/415437/redson-laboratories-pvt-ltd
Patson Laboratories Pvt. Ltd.,9825346777,,https://www.yelu.in/company/418861/patson-laboratories-pvt-ltd
Parry Pharma Pvt. Ltd.,,079 - 2580828,https://www.yelu.in/company/418859/parry-pharma-pvt-ltd
Osho Pharma Pvt. Ltd.,,25842759,https://www.yelu.in/company/415091/osho-pharma-pvt-ltd
Oscar Chemicals Pvt. Ltd.,,40070099,https://www.yelu.in/company/445983/oscar-chemicals-pvt-ltd
Orley Labiratories Pvt. Ltd,,079 - 25464743,https://www.yelu.in/company/418682/orley-labiratories-pvt-ltd
Orchid Proteins Pvt.Ltd.,,25633149,https://www.yelu.in/company/206851/orchid-proteins-pvtltd
Orly Laboratojries Pvt. Ltd.,,25464743,https://www.yelu.in/company/415418/orly-laboratojries-pvt-ltd
N.K. Pharma Industries,,079 - 25842937,https://www.yelu.in/company/418655/nk-pharma-industries
N.K. Pharma Industries,,25842937,https://www.yelu.in/company/382516/nk-pharma-industries
National Chemical & Phm'ls Works (P) Ltd,,079 - 26854494,https://www.yelu.in/company/418660/national-chemicalphmls-works-p-ltd
Veeda Clinical Research Pvt Ltd,,079 - 30013000,https://www.yelu.in/company/418963/veeda-clinical-research-pvt-ltd
Vasa Pharmachem Pvt. Ltd.,,26463707,https://www.yelu.in/company/414522/vasa-pharmachem-pvt-ltd
Unisafe Bio-Science Pvt Ltd,,079 - 5353638,https://www.yelu.in/company/418952/unisafe-bio-science-pvt-ltd
Tuton Pharmaceuticals,,2820748,https://www.yelu.in/company/415357/tuton-pharmaceuticals
Unisafe Bio-Science Pvt Ltd,,5353638,https://www.yelu.in/company/415354/unisafe-bio-science-pvt-ltd
Tuttsan Pharma Pvt. Ltd.,,32908108,https://www.yelu.in/company/415087/tuttsan-pharma-pvt-ltd
Tripada Helthcare,,079 - 26851123,https://www.yelu.in/company/419182/tripada-helthcare
Trio Remedies Pvt. Ltd.,,079 - 25841024,https://www.yelu.in/company/419181/trio-remedies-pvt-ltd
Trio Remedies Pvt. Ltd.,,25841024,https://www.yelu.in/company/415363/trio-remedies-pvt-ltd
Trio Lifescience Pvt Ltd,,25842969,https://www.yelu.in/company/415361/trio-lifescience-pvt-ltd
Tripada Healthcare Pvt. Ltd.,,26851123,https://www.yelu.in/company/414750/tripada-healthcare-pvt-ltd
Sunij Pharma Pvt. Ltd.,,26304045,https://www.yelu.in/company/414757/sunij-pharma-pvt-ltd
Stallion Laboratories Pvt. Ltd.,,26441993,https://www.yelu.in/company/414758/stallion-laboratories-pvt-ltd
Stabicoat Vitamins,,25712336,https://www.yelu.in/company/415264/stabicoat-vitamins
Stanmark Pharmaceuticals,,26560869,https://www.yelu.in/company/414700/stanmark-pharmaceuticals
Sigman Wellness,,079 - 26857080,https://www.yelu.in/company/227947/sigman-wellness
Chimanlal Madhavlal & Co,,079 - 25507060,https://www.yelu.in/company/56407/chimanlal-madhavlalco
B R Laborratories Pvt Ltd,,079 - 26443053,https://www.yelu.in/company/416652/b-r-laborratories-pvt-ltd
Bharat Pet Ltd,9810008474,,https://www.yelu.in/company/56133/bharat-pet-ltd
Auroma Lofesciences Pvt Ltd,,079 - 26421947,https://www.yelu.in/company/418278/auroma-lofesciences-pvt-ltd
Associated Petroleum Corp,,079 - 22201434,https://www.yelu.in/company/56267/associated-petroleum-corp
Astra Lifecare Pvt Ltd,,079 - 231131,https://www.yelu.in/company/418273/astra-lifecare-pvt-ltd
Aqua Filesep Water Treatmentpl,,079 - 26580047,https://www.yelu.in/company/56257/aqua-filesep-water-treatmentpl
Apurva Enterprise,,079 - 26605206,https://www.yelu.in/company/56247/apurva-enterprise
Apex Formulation Pvt Ltd,,079 - 26447649,https://www.yelu.in/company/416651/apex-formulation-pvt-ltd
Apex Lubricants Pvt.Ltd.,,079 - 25833488,https://www.yelu.in/company/56238/apex-lubricants-pvtltd
Apex Chemicals,,079 - 25833488,https://www.yelu.in/company/56227/apex-chemicals
Apee Chemicals,,079 - 22890729,https://www.yelu.in/company/56218/apee-chemicals
Ami Trading Company,,079 - 26582587,https://www.yelu.in/company/416650/ami-trading-company
Anny Petroleum,,079 - 25891377,https://www.yelu.in/company/56207/anny-petroleum
Amaratlal Harivallavdas,,079 - 22114892,https://www.yelu.in/company/416649/amaratlal-harivallavdas
Zydus Cadila Healthcare Ltd.,,26868100,https://www.yelu.in/company/307318/zydus-cadila-healthcare-ltd
Zora Pharma Ltd.,,6405558,https://www.yelu.in/company/416837/zora-pharma-ltd
Indian Kerosene Supply Co,,079 - 22893333,https://www.yelu.in/company/56298/indian-kerosene-supply-co
Ibp Co Ltd,,079 - 26466515,https://www.yelu.in/company/56288/ibp-co-ltd
Hindustan Petroleum Corp,,079 - 27911672,https://www.yelu.in/company/415208/hindustan-petroleum-corp
Hindustan Petroleum Corp Ltd,,079 - 22204076,https://www.yelu.in/company/56278/hindustan-petroleum-corp-ltd
Hemsil Raw Pharma,,079 - 26577453,https://www.yelu.in/company/416658/hemsil-raw-pharma
Hemant Explo Consultants,,079 - 25890609,https://www.yelu.in/company/415207/hemant-explo-consultants
Hazari Chemicals,,079 - 22813466,https://www.yelu.in/company/416657/hazari-chemicals
Harikrupa Petroleums,,079 - 25463425,https://www.yelu.in/company/415206/harikrupa-petroleums
Hardik Petroleum,,079 - 25892070,https://www.yelu.in/company/415205/hardik-petroleum
Harsh Lubricants,,079 - 25831124,https://www.yelu.in/company/414823/harsh-lubricants
Essar Oil Ind Ltd,,079 - 26580578,https://www.yelu.in/company/415202/essar-oil-ind-ltd
Gokulesh Petroleum,,079 - 25714259,https://www.yelu.in/company/415204/gokulesh-petroleum
Gayatri Petroleum,,079 - 25830185,https://www.yelu.in/company/415203/gayatri-petroleum
Espee Pharma Chem Pvt Ltd,,079 - 26431236,https://www.yelu.in/company/416656/espee-pharma-chem-pvt-ltd
Ekta Trading Co,,079 - 26633461,https://www.yelu.in/company/415201/ekta-trading-co
Doshi Brothers,,079 - 26561980,https://www.yelu.in/company/415200/doshi-brothers
Dishman Pharmaceuticals & Chem,,079 - 22820103,https://www.yelu.in/company/416655/dishman-pharmaceuticalschem
Dip Traders,,079 - 26632791,https://www.yelu.in/company/416654/dip-traders
Pennzoil India Ltd,,079 - 25507420,https://www.yelu.in/company/415198/pennzoil-india-ltd
Neejtech India,,26561312,https://www.yelu.in/company/414780/neejtech-india
Mahendra Chemicals,,079 - 22811396,https://www.yelu.in/company/416662/mahendra-chemicals
Lustre Pharmaceuticals P. Ltd.,,079 - 26400530,https://www.yelu.in/company/414707/lustre-pharmaceuticals-p-ltd
Labdhi Chemicals,,079 - 26430628,https://www.yelu.in/company/416661/labdhi-chemicals
Khushboo Industries,,079 - 25860275,https://www.yelu.in/company/415218/khushboo-industries
K.D.Sales Corporation,,079 - 26870794,https://www.yelu.in/company/272557/kdsales-corporation
Karan Lubes,,079 - 26891141,https://www.yelu.in/company/415217/karan-lubes
Kalashri Corporation,,079 - 27450058,https://www.yelu.in/company/415215/kalashri-corporation
Kalptaru Filling Station,,079 - 26637326,https://www.yelu.in/company/415216/kalptaru-filling-station
Kalashree Corporation,,079 - 26871676,https://www.yelu.in/company/415214/kalashree-corporation
Jiwani Trading Co,,079 - 25322699,https://www.yelu.in/company/415213/jiwani-trading-co
Jiwani Petrolium Company,,079 - 25358728,https://www.yelu.in/company/415212/jiwani-petrolium-company
Jineshwar Trading Corporation,,079 - 22823268,https://www.yelu.in/company/415211/jineshwar-trading-corporation
Janta Barrel Supply Company,,079 - 25359553,https://www.yelu.in/company/415210/janta-barrel-supply-company
Jainam Industries (P) Limited,,079 - 22743096,https://www.yelu.in/company/415209/jainam-industries-p-limited
Iris Pharmachem India Pvt Ltd,,079 - 25830772,https://www.yelu.in/company/416660/iris-pharmachem-india-pvt-ltd
Intas Pharmaceuticals Ltd,,079 - 26576655,https://www.yelu.in/company/416659/intas-pharmaceuticals-ltd
Shivalik Enterprises,,079 - 26758644,https://www.yelu.in/company/415225/shivalik-enterprises
Shiv Tirth Petroleum Co,,079 - 26853858,https://www.yelu.in/company/415224/shiv-tirth-petroleum-co
Shakti Enterprises,,079 - 25502575,https://www.yelu.in/company/415222/shakti-enterprises
Shana Petrochem,,079 - 25328956,https://www.yelu.in/company/415223/shana-petrochem
Self Lubricants,,079 - 25321937,https://www.yelu.in/company/415221/self-lubricants
Saarim Petroleum,,079 - 22161977,https://www.yelu.in/company/415220/saarim-petroleum
S.D.Patel & Co.,,079 - 25507624,https://www.yelu.in/company/415219/sdpatelco
R P Enterprises,,079 - 22200476,https://www.yelu.in/company/56419/r-p-enterprises
R B Trading Co,,079 - 25626565,https://www.yelu.in/company/56408/r-b-trading-co
Rajkamal Products,,079 - 26580811,https://www.yelu.in/company/416664/rajkamal-products
Radhika Petroleum,,079 - 26441903,https://www.yelu.in/company/56420/radhika-petroleum
Pushp Traders,,079 - 22200378,https://www.yelu.in/company/56396/pushp-traders
Punjab Diesels Sales & Service,,079 - 26890593,https://www.yelu.in/company/56385/punjab-diesels-salesservice
Poojan Marketing Co,,079 - 26586511,https://www.yelu.in/company/56343/poojan-marketing-co
Premier Sales Corporation,,079 - 27417482,https://www.yelu.in/company/56363/premier-sales-corporation
Pooja Sales Agency,,079 - 26749326,https://www.yelu.in/company/56335/pooja-sales-agency
Priyanka Oil& Sparepart Centre,,079 - 27524527,https://www.yelu.in/company/56374/priyanka-oil-sparepart-centre
Premier Trading Company,,079 - 25504835,https://www.yelu.in/company/416663/premier-trading-company
Praj Marketing Services,,079 - 27494321,https://www.yelu.in/company/56353/praj-marketing-services
Veer Pharma Chem,,079 - 27471095,https://www.yelu.in/company/416668/veer-pharma-chem
Trimul Cehmpro,,079 - 27476579,https://www.yelu.in/company/416667/trimul-cehmpro
Siddharth Corporation,,079 - 22114279,https://www.yelu.in/company/415236/siddharth-corporation
Stanmark Pharmaceuticals,,079 - 22876052,https://www.yelu.in/company/419138/stanmark-pharmaceuticals
S M Traders,,079 - 22138807,https://www.yelu.in/company/416665/s-m-traders
Shrinathji Trading Company,,079 - 22745317,https://www.yelu.in/company/415235/shrinathji-trading-company
Shrinivas (Gujarat) Laboratories Pvt. Ltd.,,40072406,https://www.yelu.in/company/415409/shrinivas-gujarat-laboratories-pvt-ltd
Shri Ambica Auto Stores,,079 - 22138494,https://www.yelu.in/company/415234/shri-ambica-auto-stores
Shreya Transport Co,,079 - 22740721,https://www.yelu.in/company/415233/shreya-transport-co
Shreeji Mktg,,079 - 27432673,https://www.yelu.in/company/415232/shreeji-mktg
Shreeji Automobiles,,079 - 22811268,https://www.yelu.in/company/415231/shreeji-automobiles
Shree Ram Petroleum,,079 - 25454225,https://www.yelu.in/company/415230/shree-ram-petroleum
Shree Harikrashna Petroleum,,079 - 26576396,https://www.yelu.in/company/415227/shree-harikrashna-petroleum
Shree Krishna Automobiles,,079 - 26409466,https://www.yelu.in/company/415228/shree-krishna-automobiles
Petrosives Explosives Consult,,079 - 25731079,https://www.yelu.in/company/415199/petrosives-explosives-consult
Shree Parshwanath Products,,079 - 26575738,https://www.yelu.in/company/415229/shree-parshwanath-products
Shital Chemicals,,079 - 26438063,https://www.yelu.in/company/416666/shital-chemicals
Shree Gayatri Petroleums,,079 - 22704316,https://www.yelu.in/company/415226/shree-gayatri-petroleums
Indo Petro Consultants,,079 - 26401624,https://www.yelu.in/company/56326/indo-petro-consultants
Zenith Health Care Ltd.,,27542330,https://www.yelu.in/company/415342/zenith-health-care-ltd
Indin Oil Corporation Ltd,,079 - 27544897,https://www.yelu.in/company/56316/indin-oil-corporation-ltd
West-Coast Pharmaceuticals Works,,079 - 241152,https://www.yelu.in/company/418988/west-coast-pharmaceuticals-works
Deegant Entp,,079 - 25466072,https://www.yelu.in/company/416653/deegant-entp
Depsons Pharma,,6431355,https://www.yelu.in/company/415291/depsons-pharma
West-Coast Pharmaceutical Works Ltd.,,241152,https://www.yelu.in/company/415131/west-coast-pharmaceutical-works-ltd
Sidmak Laboratories ( India ) Pvt. Ltd.,,079 - 242839,https://www.yelu.in/company/419121/sidmak-laboratoriesindiapvt-ltd
Shyamal Intermediates Ltd.,,25833961,https://www.yelu.in/company/414485/shyamal-intermediates-ltd
Shrinivas ( Gujarat ) Laboratories P. Ltd.,,079 - 25840223,https://www.yelu.in/company/419115/shrinivasgujaratlaboratories-p-ltd
Sanjeevani Bio-Tech (P) Ltd.,,079 - 26766041,https://www.yelu.in/company/418941/sanjeevani-bio-tech-p-ltd
Monokem Laboratories,,26447250,https://www.yelu.in/company/415436/monokem-laboratories
Minal Intermediates,,22822558,https://www.yelu.in/company/442150/minal-intermediates
Iris Pharmachem (I) Pvt. Ltd.,,65454600,https://www.yelu.in/company/241358/iris-pharmachem-i-pvt-ltd
Intelligence Pharmaceuticals Pvt. Ltd,,079 - 233651,https://www.yelu.in/company/418551/intelligence-pharmaceuticals-pvt-ltd
Ishita Drugs & Industries Ltd.,,26468353,https://www.yelu.in/company/415059/ishita-drugsindustries-ltd
Deepcare Health Pvt Ltd,,079 - 322400,https://www.yelu.in/company/418356/deepcare-health-pvt-ltd
Intas Pharmaceuticals Limited,,079 - 26576655,https://www.yelu.in/company/418550/intas-pharmaceuticals-limited
Corona Remedies,,079 - 55426663,https://www.yelu.in/company/418345/corona-remedies
Corona Remedies Pvt. Ltd.,,65426663,https://www.yelu.in/company/414748/corona-remedies-pvt-ltd
